accel_x,accel_y,accel_z
-46,4,1022
-43,7,1025
-41,4,1026
-43,2,1019
-44,4,1021
-41,7,1023
-40,4,1016
-43,7,1021
-41,8,1023
-44,7,1022
-43,7,1020
-52,6,1023
-38,6,1023
-43,9,1023
-42,5,1023
-40,6,1026
accel_x,accel_y,accel_z
-222,15,1012,84.12628366521706
-220,11,1007,84.00128175783932
-220,14,1004,84.00128175783932
-224,12,1006,84.06378271152819
-227,13,1005,84.00128175783932
-221,14,1003,83.93878080415045
-222,12,1007,84.2512855725948
